Title,Price,Location,URL,Image
TPH car cover(virtus),"₹ 11,000","Quaid E Millat Nagar, Periyakulam",https://www.olx.in/item/spare-parts-c1585-other-spare-parts-in-quaid-e-millat-nagar-periyakulam-iid-1807794042,https://apollo.olx.in:443/v1/files/1w2vmc0mqme32-IN/image;s=150x0;q=50;f=webp;
Car Seat Covers,₹ 51,"Sector 16C, Greater Noida",https://www.olx.in/item/spare-parts-c1585-other-spare-parts-in-sector-16c-greater-noida-iid-1807792076,https://apollo.olx.in:443/v1/files/d1ewqoe0g67p-IN/image;s=150x0;q=50;f=webp;
Car set cover towel four nos with belt,"₹ 1,000","Chandbad, Asansol MC",https://www.olx.in/item/spare-parts-c1585-other-spare-parts-in-chandbad-asansol-mc-iid-1807791356,https://apollo.olx.in:443/v1/files/ginnvuipeo7n1-IN/image;s=150x0;q=50;f=webp;
Car cover sheet sed,"₹ 15,000","Thilak Offset, Thirukkattupalli",https://www.olx.in/item/spare-parts-c1585-car-cover-sheet-sed-in-thilak-offset-thirukkattupalli-iid-1807773095,https://apollo.olx.in:443/v1/files/mrrba9x3huuc3-IN/image;s=150x0;q=50;f=webp;
Car seat cover & Accessories,"₹ 3,500","Moula Ali, Hyderabad",https://www.olx.in/item/spare-parts-c1585-audio-other-accessories-in-moula-ali-hyderabad-iid-1807771021,https://apollo.olx.in:443/v1/files/5nrqu9h86n8u-IN/image;s=150x0;q=50;f=webp;
All Maruthi Seat cover  car stereo,"₹ 1,000","Panamaram, Wayanad",https://www.olx.in/item/spare-parts-c1585-audio-other-accessories-in-panamaram-wayanad-iid-1796086514,https://apollo.olx.in:443/v1/files/6x9m3ok0y4f83-IN/image;s=150x0;q=50;f=webp;
Brembo caliper covers for all cars,₹ 700,"Gachibowli, Hyderabad",https://www.olx.in/item/spare-parts-c1585-brembo-caliper-covers-for-all-cars-in-gachibowli-hyderabad-iid-1800430070,https://apollo.olx.in:443/v1/files/lo4baohmdgxu3-ADVIN/image;s=150x0;q=50;f=webp;
Brembo brake caliper covers all colours available for all cars,₹ 699,"Begumpet, Hyderabad",https://www.olx.in/item/spare-parts-c1585-brembo-brake-caliper-covers-all-colours-available-for-all-cars-in-begumpet-hyderabad-iid-1805724400,https://apollo.olx.in:443/v1/files/ep3qq237eju53-ADVIN/image;s=150x0;q=50;f=webp;
Defander car stepni cover,"₹ 15,000","Ashok Vihar, Delhi",https://www.olx.in/item/spare-parts-c1585-other-spare-parts-in-ashok-vihar-delhi-iid-1669544151,https://apollo.olx.in:443/v1/files/1lezodrmh7nc2-IN/image;s=150x0;q=50;f=webp;
MG HECTOR PLUS CAR COVER,"₹ 1,500","Amardeep Society, Mahesana",https://www.olx.in/item/spare-parts-c1585-other-spare-parts-in-amardeep-society-mahesana-iid-1807733392,https://apollo.olx.in:443/v1/files/14sh5elyqdbi2-IN/image;s=150x0;q=50;f=webp;
Tata Punch Car cover,"₹ 1,500","Sector 150, Noida",https://www.olx.in/item/spare-parts-c1585-audio-other-accessories-in-sector-150-noida-iid-1807721154,https://apollo.olx.in:443/v1/files/st0goxie2hq62-IN/image;s=150x0;q=50;f=webp;
Car Cover Sedan,"₹ 2,500","Patliputra, Mumbai",https://www.olx.in/item/spare-parts-c1585-audio-other-accessories-in-patliputra-mumbai-iid-1807715237,N/A
Wagnor Car Parking Cover,₹ 800,"Gaothan Kalyan, Mumbai",https://www.olx.in/item/spare-parts-c1585-other-spare-parts-in-gaothan-kalyan-mumbai-iid-1807711225,N/A
Car cover six months old,"₹ 2,500","Vazhakkala, Kochi",https://www.olx.in/item/spare-parts-c1585-other-spare-parts-in-vazhakkala-kochi-iid-1807710966,N/A
Car cover unused,₹ 800,"Katora House, Hyderabad",https://www.olx.in/item/spare-parts-c1585-other-spare-parts-in-katora-house-hyderabad-iid-1807702362,N/A
Car window covers for summers,₹ 250,"Sector 126, Mohali",https://www.olx.in/item/spare-parts-c1585-audio-other-accessories-in-sector-126-mohali-iid-1807694669,N/A
Car universal custom gearknob covers,"₹ 1,199","Muthoor, Thiruvalla",https://www.olx.in/item/spare-parts-c1585-audio-other-accessories-in-muthoor-thiruvalla-iid-1807684168,N/A
Ecco car cover,"₹ 1,500","Omex City, Lucknow",https://www.olx.in/item/spare-parts-c1585-other-spare-parts-in-omex-city-lucknow-iid-1805895660,N/A
Alto 800 car cover,₹ 800,"Edayanchavadi, Chennai",https://www.olx.in/item/spare-parts-c1585-other-spare-parts-in-edayanchavadi-chennai-iid-1807672014,N/A
Baleno car seat covers,"₹ 5,000","Palasuni, Bhubaneshwar",https://www.olx.in/item/spare-parts-c1585-other-spare-parts-in-palasuni-bhubaneshwar-iid-1807669230,N/A
Honda Amaze Floor Mat & Car Cover for sale slightly used,₹ 999,"Kovilambakkam Tamil Kudi Makhan Nagar, Chennai",https://www.olx.in/item/spare-parts-c1585-other-spare-parts-in-kovilambakkam-tamil-kudi-makhan-nagar-chennai-iid-1805341670,N/A
WATERPROOF CAR COVER KIA SONET,₹ 499,"Patparganj, Delhi",https://www.olx.in/item/spare-parts-c1585-other-spare-parts-in-patparganj-delhi-iid-1807631065,N/A
Waterproof Car Cover!,₹ 999,"Bandra West, Mumbai",https://www.olx.in/item/spare-parts-c1585-audio-other-accessories-in-bandra-west-mumbai-iid-1807621967,N/A
Car cover for urgent sale,₹ 800,"Nehru Road, Mumbai",https://www.olx.in/item/spare-parts-c1585-car-cover-for-urgent-sale-in-nehru-road-mumbai-iid-1806960036,N/A
Alto K10 Car Cover,₹ 500,"Byatarayanapura, Bengaluru",https://www.olx.in/item/spare-parts-c1585-audio-other-accessories-in-byatarayanapura-bengaluru-iid-1807598304,N/A
"MG Hector Plus Unopened, Unused, Packed Car Cover","₹ 1,500","SG Highway, Ahmedabad",https://www.olx.in/item/spare-parts-c1585-audio-other-accessories-in-sg-highway-ahmedabad-iid-1807595803,N/A
Xuv 300 car seat cover,"₹ 3,800","Mannivakkam, Padappai",https://www.olx.in/item/spare-parts-c1585-other-spare-parts-in-mannivakkam-padappai-iid-1807564991,N/A
ECCO CAR cover,"₹ 1,500","Omex City, Lucknow",https://www.olx.in/item/spare-parts-c1585-other-spare-parts-in-omex-city-lucknow-iid-1807552264,N/A
Car cover for i10,₹ 800,"Hari Nagar, Delhi",https://www.olx.in/item/spare-parts-c1585-audio-other-accessories-in-hari-nagar-delhi-iid-1807551282,N/A
CELERIO CAR SEAT COVERS,"₹ 1,999","Dashmesh Nagar, Hoshiarpur",https://www.olx.in/item/spare-parts-c1585-audio-other-accessories-in-dashmesh-nagar-hoshiarpur-iid-1807507574,N/A
Car universal 9d seat covers,"₹ 9,999","Dwarka sector 98, Delhi",https://www.olx.in/item/spare-parts-c1585-car-universal-9d-seat-covers-in-dwarka-sector-98-delhi-iid-1800676552,N/A
Hyundai Verna Fluidic car cover,"₹ 1,100","Kalappa Layout, Bengaluru",https://www.olx.in/item/spare-parts-c1585-other-spare-parts-in-kalappa-layout-bengaluru-iid-1807476415,N/A
All cars side mirror batman cover abs plastic piano black,"₹ 2,499","Gangtok Private Estate, Gangtok",https://www.olx.in/item/spare-parts-c1585-all-cars-side-mirror-batman-cover-abs-plastic-piano-black-in-gangtok-private-estate-gangtok-iid-1804943156,N/A
All cars side mirror cover batman style abs plastic piano black,"₹ 2,500","Anna Nagar, Madurai",https://www.olx.in/item/spare-parts-c1585-all-cars-side-mirror-cover-batman-style-abs-plastic-piano-black-in-anna-nagar-madurai-iid-1802991925,N/A
Maruti Car Rim+FREE Wheel Cover,"₹ 1,000","Sector 120, Noida",https://www.olx.in/item/spare-parts-c1585-wheels-tyres-in-sector-120-noida-iid-1805660953,N/A
All cars side mirror cover abs plastic piano black batman style,"₹ 2,500","Dwarka sector 98, Delhi",https://www.olx.in/item/spare-parts-c1585-all-cars-side-mirror-cover-abs-plastic-piano-black-batman-style-in-dwarka-sector-98-delhi-iid-1800587295,N/A
Car seat covers floor Matt  and steding covers available stching  ftin,"₹ 3,800","Hyderguda, Hyderabad",https://www.olx.in/item/spare-parts-c1585-other-spare-parts-in-hyderguda-hyderabad-iid-1695988038,N/A
3 Button Car Key Cover / Key Chain,₹ 400,"Akhara, Kullu",https://www.olx.in/item/spare-parts-c1585-other-spare-parts-in-akhara-kullu-iid-1807382252,N/A
Swift Car Wheel Covers,₹ 900,"Vizayanagaram, Andhra Pradesh",https://www.olx.in/item/spare-parts-c1585-wheels-tyres-in-vizayanagaram-andhra-pradesh-iid-1807367637,N/A
Wagon R car cover for sale - 100% Good Condition,₹ 850,"Anakaputhur Pari Nagar, Chennai",https://www.olx.in/item/spare-parts-c1585-audio-other-accessories-in-anakaputhur-pari-nagar-chennai-iid-1807367516,N/A
